{"causal": 0.6288860103626943, "isolate": 0.9628942486085343, "disentangle": 0.7958901294856143}