{"causal": 0.0045336787564766836, "isolate": 0.9935064935064936, "disentangle": 0.49902008613148513}