{"causal": 0.008419689119170985, "isolate": 0.987012987012987, "disentangle": 0.497716338066079}