{"causal": 0.6340673575129534, "isolate": 0.9795918367346939, "disentangle": 0.8068295971238236}