{"causal": 0.6431347150259067, "isolate": 0.974025974025974, "disentangle": 0.8085803445259403}