{"column_argmax": {"accs": {"causal": 0.0045336787564766836, "isolate": 0.9925788497217068, "disentangle": 0.4985562642390918}, "test_loss": 3.959046211911411, "correct_indices": [1, 2, 7, 11, 13, 14, 16, 17, 19, 25, 26, 27, 29, 31, 32, 36, 37, 38, 39, 48, 52, 53, 55, 57, 59, 63, 66, 70, 76, 78, 79, 83, 84, 86, 87, 88, 91, 94, 96, 99, 103, 104, 108, 111, 120, 121, 122, 131, 132, 133, 134, 139, 142, 143, 145, 148, 163, 166, 167, 168, 170, 171, 173, 174, 177, 182, 186, 188, 189, 192, 194, 196, 200, 202, 203, 205, 207, 212, 214, 215, 218, 220, 224, 226, 233, 234, 236, 237, 240, 241, 242, 243, 245, 246, 248, 250, 251, 252, 256, 257, 258, 259, 262, 263, 264, 268, 271, 273, 277, 283, 284, 285, 292, 294, 295, 297, 301, 303, 305, 307, 312, 314, 315, 317, 320, 323, 326, 327, 330, 338, 341, 342, 350, 351, 354, 355, 356, 357, 360, 366, 367, 368, 370, 376, 377, 384, 385, 386, 390, 391, 392, 394, 398, 406, 410, 411, 416, 420, 422, 423, 424, 428, 429, 432, 441, 442, 443, 446, 447, 450, 451, 453, 454, 456, 462, 463, 465, 467, 470, 474, 479, 482, 484, 487, 495, 496, 499, 502, 505, 507, 509, 511, 512, 513, 514, 515, 517, 518, 520, 522, 524, 525, 527, 531, 536, 548, 549, 550, 552, 554, 555, 556, 561, 565, 567, 569, 570, 571, 572, 573, 577, 584, 594, 595, 596, 597, 598, 601, 605, 606, 607, 608, 609, 610, 611, 613, 617, 621, 622, 625, 626, 627, 631, 632, 634, 637, 645, 647, 648, 649, 650, 653, 654, 656, 661, 662, 665, 666, 669, 670, 675, 682, 684, 685, 687, 697, 698, 699, 700, 701, 708, 709, 714, 715, 717, 719, 720, 721, 723, 724, 726, 731, 732, 733, 739, 740, 742, 743, 744, 745, 747, 750, 751, 758, 759, 761, 763, 764, 766, 769, 772, 774, 775, 777, 787, 792, 795, 796, 800, 801, 812, 822, 825, 827, 829, 830, 832, 835, 838, 843, 845, 846, 849, 850, 851, 852, 855, 856, 858, 861, 862, 865, 868, 871, 877, 878, 879, 880, 881, 882, 883, 884, 887, 889, 890, 891, 892, 894, 895, 898, 901, 906, 907, 908, 912, 914, 916, 920, 921, 922, 925, 926, 928, 931, 934, 936, 940, 942, 943, 944, 947, 949, 954, 957, 959, 963, 964, 970, 975, 980, 981, 982, 984, 985, 986, 988, 989, 991, 992, 993, 995, 996, 1000, 1002, 1005, 1006, 1009, 1010, 1011, 1013, 1014, 1017, 1018, 1021, 1024, 1035, 1036, 1037, 1040, 1041, 1042, 1046, 1047, 1050, 1051, 1057, 1058, 1060, 1061, 1062, 1063, 1068, 1070, 1071, 1072, 1075, 1077, 1079, 1082, 1084, 1086, 1089, 1090, 1091, 1092, 1096, 1099, 1102, 1103, 1107, 1110, 1111, 1117, 1118, 1124, 1126, 1128, 1130, 1133, 1134, 1136, 1140, 1141, 1142, 1146, 1149, 1151, 1154, 1155, 1157, 1158, 1159, 1160, 1163, 1164, 1166, 1169, 1172, 1174, 1180, 1182, 1183, 1186, 1189, 1190, 1191, 1192, 1195, 1197, 1200, 1203, 1204, 1206, 1210, 1214, 1216, 1219, 1224, 1226, 1229, 1230, 1232, 1234, 1235, 1236, 1238, 1240, 1241, 1242, 1247, 1250, 1252, 1253, 1254, 1255, 1256, 1260, 1262, 1263, 1265, 1269, 1272, 1273, 1277, 1279, 1284, 1285, 1286, 1287, 1289, 1292, 1293, 1296, 1297, 1298, 1299, 1302, 1305, 1306, 1309, 1315, 1317, 1318, 1322, 1324, 1326, 1327, 1328, 1329, 1330, 1333, 1334, 1337, 1342, 1343, 1345, 1349, 1352, 1353, 1354, 1368, 1371, 1374, 1380, 1381, 1382, 1385, 1386, 1389, 1397, 1400, 1404, 1405, 1408, 1409, 1411, 1416, 1418, 1419, 1420, 1421, 1422, 1423, 1424, 1425, 1426, 1427, 1428, 1430, 1433, 1435, 1440, 1442, 1445, 1447, 1448, 1452, 1461, 1468, 1469, 1470, 1473, 1474, 1475, 1477, 1478, 1479, 1487, 1489, 1492, 1493, 1495, 1497, 1498, 1499, 1505, 1510, 1514, 1517, 1518, 1523, 1525, 1527, 1529, 1531, 1532, 1533, 1539, 1541, 1543, 1545, 1546, 1547, 1551, 1552, 1553, 1555, 1557, 1559, 1561, 1565, 1566, 1567, 1573, 1575, 1577, 1579, 1583, 1587, 1589, 1591, 1595, 1596, 1598, 1599, 1601, 1602, 1604, 1608, 1609, 1613, 1614, 1615, 1617, 1618, 1619, 1621, 1622, 1623, 1625, 1631, 1632, 1634, 1635, 1636, 1638, 1640, 1643, 1644, 1645, 1646, 1647, 1650, 1654, 1664, 1667, 1669, 1672, 1673, 1674, 1676, 1677, 1686, 1687, 1689, 1690, 1692, 1694, 1704, 1705, 1708, 1712, 1714, 1720, 1721, 1722, 1723, 1724, 1730, 1731, 1732, 1734, 1738, 1739, 1740, 1741, 1744, 1745, 1746, 1747, 1748, 1750, 1751, 1755, 1758, 1762, 1764, 1772, 1773, 1774, 1775, 1776, 1778, 1784, 1789, 1790, 1794, 1796, 1798, 1799, 1802, 1807, 1808, 1811, 1812, 1815, 1816, 1820, 1828, 1829, 1830, 1832, 1833, 1836, 1839, 1841, 1842, 1845, 1846, 1847, 1849, 1850, 1852, 1855, 1857, 1858, 1859, 1861, 1862, 1863, 1864, 1866, 1869, 1873, 1874, 1876, 1877, 1879, 1881, 1882, 1883, 1884, 1885, 1886, 1890, 1892, 1896, 1897, 1899, 1902, 1903, 1906, 1909, 1910, 1913, 1915, 1918, 1924, 1925, 1926, 1927, 1928, 1929, 1930, 1932, 1933, 1936, 1937, 1939, 1940, 1944, 1945, 1948, 1950, 1951, 1952, 1953, 1956, 1958, 1961, 1962, 1965, 1966, 1967, 1969, 1970, 1972, 1973, 1974, 1975, 1981, 1982, 1983, 1988, 1990, 1993, 1995, 1997, 1998, 2005, 2006, 2010, 2012, 2014, 2015, 2016, 2018, 2024, 2026, 2028, 2030, 2032, 2035, 2037, 2038, 2040, 2042, 2045, 2046, 2047, 2048, 2051, 2060, 2063, 2068, 2070, 2071, 2074, 2081, 2087, 2091, 2092, 2096, 2099, 2100, 2103, 2104, 2105, 2109, 2114, 2115, 2116, 2119, 2122, 2124, 2125, 2126, 2129, 2130, 2132, 2133, 2134, 2137, 2139, 2147, 2154, 2155, 2156, 2158, 2162, 2164, 2168, 2170, 2171, 2173, 2179, 2184, 2185, 2186, 2187, 2188, 2194, 2199, 2201, 2203, 2206, 2209, 2212, 2216, 2217, 2221, 2224, 2225, 2226, 2227, 2229, 2231, 2234, 2239, 2240, 2243, 2246, 2247, 2248, 2251, 2253, 2257, 2259, 2261, 2268, 2269, 2272, 2273, 2274, 2275, 2278, 2280, 2282, 2284, 2285, 2286, 2287, 2288, 2291, 2292, 2293, 2295, 2302, 2306, 2308, 2309, 2311, 2312, 2315, 2316, 2318, 2322, 2323, 2333, 2334, 2336, 2338, 2342, 2344, 2345, 2347, 2348, 2350, 2354, 2355, 2360, 2367, 2368, 2370, 2371, 2372, 2375, 2376, 2377, 2378, 2380, 2381, 2384, 2385, 2387, 2390, 2394, 2395, 2396, 2397, 2404, 2405, 2411, 2414, 2416, 2423, 2425, 2426, 2427, 2429, 2430, 2431, 2437, 2439, 2442, 2445, 2446, 2450, 2452, 2455, 2457, 2461, 2463, 2471, 2474, 2475, 2476, 2477, 2478, 2479, 2480, 2482, 2483, 2484, 2485, 2496, 2498, 2499, 2501, 2505, 2511, 2512, 2513, 2514, 2521, 2524, 2526, 2535, 2539, 2540, 2544, 2545, 2548, 2551, 2552, 2558, 2559, 2560, 2561, 2562, 2563, 2565, 2568, 2571, 2572, 2573, 2576, 2577, 2578, 2579, 2581, 2583, 2584, 2585, 2586, 2587, 2588, 2591, 2592, 2594, 2596, 2598, 2605, 2607, 2282, 2287, 2293]}, "bidding_argmax": {"accs": {"causal": 0.007772020725388601, "isolate": 0.987012987012987, "disentangle": 0.4973925038691878}, "test_loss": 3.9634209914905267,