{"column_argmax": {"accs": {"causal": 0.007124352331606218, "isolate": 0.9897959183673469, "disentangle": 0.4984601353494766}, "test_loss": 4.036019659623867, "correct_indices": [0, 1, 4, 8, 11, 13, 14, 20, 21, 22, 23, 25, 26, 30, 31, 33, 34, 38, 40, 43, 49, 51, 52, 55, 56, 58, 63, 65, 66, 67, 68, 69, 70, 71, 72, 73, 78, 85, 87, 93, 94, 95, 98, 100, 102, 104, 105, 108, 114, 115, 123, 124, 126, 132, 137, 142, 143, 144, 145, 146, 148, 149, 150, 153, 154, 163, 167, 168, 177, 178, 180, 182, 189, 194, 195, 199, 200, 201, 202, 203, 206, 210, 211, 212, 213, 215, 220, 222, 223, 224, 225, 229, 231, 236, 237, 240, 241, 245, 246, 252, 253, 254, 258, 259, 261, 264, 266, 268, 270, 273, 274, 276, 277, 279, 281, 290, 293, 295, 297, 298, 300, 303, 304, 314, 315, 316, 318, 320, 321, 322, 323, 325, 326, 327, 329, 333, 334, 335, 336, 340, 342, 346, 348, 351, 353, 355, 360, 363, 370, 371, 372, 373, 374, 375, 377, 380, 381, 382, 383, 387, 391, 392, 394, 398, 401, 405, 407, 411, 412, 413, 416, 421, 423, 427, 428, 431, 436, 437, 438, 444, 447, 448, 449, 451, 456, 457, 465, 466, 467, 468, 469, 476, 477, 478, 488, 489, 490, 491, 492, 493, 494, 497, 498, 501, 502, 503, 505, 507, 510, 514, 516, 517, 519, 521, 522, 523, 529, 531, 533, 535, 536, 538, 539, 543, 544, 546, 557, 559, 561, 562, 567, 568, 574, 575, 576, 584, 588, 589, 590, 592, 593, 594, 599, 601, 602, 604, 605, 608, 614, 616, 617, 619, 620, 621, 622, 623, 625, 626, 627, 630, 632, 635, 638, 640, 641, 642, 644, 646, 648, 652, 653, 654, 655, 658, 660, 667, 670, 672, 677, 684, 685, 686, 687, 689, 690, 693, 694, 695, 696, 704, 706, 707, 708, 710, 715, 717, 720, 731, 732, 733, 736, 738, 740, 746, 748, 750, 751, 754, 757, 758, 762, 764, 766, 768, 772, 775, 779, 787, 788, 789, 792, 801, 805, 807, 809, 811, 820, 821, 822, 823, 824, 825, 832, 837, 840, 844, 846, 852, 853, 854, 855, 856, 859, 862, 863, 869, 871, 873, 876, 877, 881, 885, 886, 887, 888, 891, 895, 897, 899, 901, 907, 908, 909, 915, 917, 921, 924, 925, 932, 933, 935, 936, 937, 939, 942, 943, 947, 948, 950, 952, 953, 954, 957, 958, 959, 960, 962, 963, 966, 969, 970, 972, 974, 976, 979, 980, 981, 983, 984, 988, 991, 994, 995, 998, 999, 1002, 1003, 1005, 1010, 1016, 1017, 1024, 1025, 1028, 1029, 1030, 1031, 1032, 1033, 1034, 1035, 1037, 1038, 1042, 1045, 1046, 1057, 1059, 1062, 1065, 1066, 1068, 1069, 1071, 1072, 1075, 1076, 1077, 1078, 1081, 1082, 1084, 1092, 1095, 1096, 1098, 1100, 1104, 1106, 1107, 1111, 1114, 1116, 1121, 1122, 1131, 1132, 1135, 1136, 1137, 1138, 1139, 1140, 1143, 1145, 1146, 1152, 1155, 1157, 1158, 1159, 1162, 1163, 1165, 1166, 1168, 1173, 1175, 1177, 1180, 1181, 1184, 1185, 1189, 1190, 1192, 1194, 1195, 1196, 1197, 1198, 1200, 1201, 1203, 1204, 1207, 1209, 1212, 1213, 1220, 1223, 1229, 1236, 1239, 1243, 1245, 1246, 1249, 1251, 1255, 1256, 1257, 1258, 1259, 1261, 1265, 1266, 1269, 1273, 1277, 1278, 1281, 1282, 1285, 1287, 1289, 1291, 1294, 1295, 1296, 1297, 1302, 1304, 1305, 1307, 1313, 1314, 1316, 1317, 1320, 1322, 1324, 1327, 1328, 1329, 1330, 1334, 1337, 1338, 1340, 1341, 1344, 1347, 1350, 1352, 1354, 1356, 1357, 1359, 1362, 1364, 1365, 1366, 1368, 1371, 1373, 1377, 1379, 1381, 1383, 1385, 1386, 1387, 1391, 1393, 1399, 1402, 1403, 1405, 1407, 1408, 1411, 1412, 1415, 1421, 1423, 1428, 1432, 1434, 1436, 1442, 1443, 1446, 1448, 1450, 1451, 1458, 1460, 1462, 1463, 1465, 1466, 1471, 1472, 1473, 1476, 1478, 1480, 1486, 1487, 1488, 1490, 1491, 1492, 1493, 1494, 1498, 1499, 1500, 1503, 1504, 1511, 1513, 1515, 1516, 1517, 1521, 1525, 1526, 1527, 1532, 1534, 1536, 1537, 1539, 1547, 1548, 1550, 1552, 1554, 1560, 1561, 1564, 1566, 1569, 1570, 1571, 1573, 1574, 1575, 1577, 1579, 1580, 1582, 1584, 1586, 1588, 1589, 1592, 1593, 1594, 1601, 1602, 1605, 1607, 1610, 1614, 1616, 1619, 1622, 1625, 1628, 1632, 1639, 1640, 1641, 1648, 1649, 1650, 1651, 1652, 1653, 1656, 1660, 1663, 1665, 1667, 1668, 1671, 1675, 1677, 1678, 1679, 1680, 1682, 1684, 1687, 1690, 1691, 1692, 1697, 1699, 1701, 1702, 1703, 1704, 1710, 1713, 1714, 1715, 1720, 1721, 1722, 1728, 1735, 1738, 1741, 1745, 1748, 1750, 1755, 1758, 1761, 1762, 1764, 1765, 1769, 1770, 1772, 1773, 1774, 1776, 1777, 1780, 1781, 1783, 1790, 1791, 1794, 1795, 1797, 1799, 1802, 1803, 1807, 1811, 1815, 1817, 1818, 1820, 1823, 1828, 1831, 1833, 1837, 1841, 1842, 1843, 1845, 1847, 1850, 1851, 1853, 1860, 1866, 1870, 1872, 1873, 1874, 1877, 1878, 1879, 1883, 1888, 1889, 1890, 1893, 1896, 1898, 1899, 1902, 1908, 1909, 1910, 1912, 1914, 1920, 1922, 1925, 1926, 1932, 1933, 1935, 1937, 1940, 1944, 1946, 1947, 1948, 1952, 1955, 1956, 1958, 1961, 1964, 1969, 1973, 1974, 1975, 1977, 1978, 1985, 1987, 1989, 1991, 1992, 1995, 1996, 1998, 1999, 2003, 2007, 2008, 2009, 2011, 2012, 2013, 2019, 2023, 2025, 2026, 2031, 2033, 2034, 2035, 2037, 2039, 2047, 2049, 2050, 2051, 2052, 2056, 2058, 2059, 2060, 2069, 2074, 2075, 2076, 2078, 2079, 2081, 2082, 2083, 2084, 2085, 2086, 2087, 2088, 2089, 2090, 2091, 2092, 2097, 2098, 2101, 2102, 2104, 2107, 2109, 2112, 2113, 2115, 2119, 2123, 2126, 2128, 2130, 2132, 2136, 2137, 2139, 2142, 2143, 2145, 2147, 2149, 2152, 2154, 2156, 2158, 2160, 2161, 2163, 2166, 2170, 2172, 2175, 2176, 2180, 2181, 2184, 2185, 2187, 2188, 2189, 2190, 2191, 2193, 2194, 2195, 2198, 2199, 2200, 2203, 2207, 2209, 2211, 2215, 2217, 2219, 2221, 2223, 2224, 2225, 2227, 2228, 2229, 2230, 2234, 2235, 2238, 2242, 2243, 2246, 2247, 2250, 2252, 2253, 2254, 2256, 2257, 2259, 2261, 2262, 2263, 2264, 2274, 2275, 2276, 2277, 2280, 2283, 2290, 2292, 2293, 2294, 2297, 2298, 2300, 2302, 2304, 2306, 2310, 2311, 2313, 2314, 2319, 2320, 2321, 2324, 2325, 2328, 2329, 2330, 2332, 2334, 2336, 2343, 2353, 2355, 2361, 2362, 2363, 2364, 2369, 2370, 2372, 2375, 2377, 2382, 2386, 2388, 2391, 2392, 2393, 2394, 2395, 2400, 2401, 2413, 2414, 2415, 2418, 2425, 2427, 2429, 2431, 2434, 2438, 2444, 2446, 2447, 2453, 2454, 2458, 2459, 2462, 2464, 2466, 2469, 2471, 2475, 2481, 2484, 2492, 2494, 2496, 2497, 2502, 2504, 2508, 2509, 2512, 2515, 2517, 2518, 2519, 2527, 2528, 2529, 2531, 2532, 2533, 2537, 2539, 2541, 2546, 2549, 2559, 2561, 2563, 2564, 2565, 2566, 2569, 2571, 2573, 2576, 2577, 2580, 2581, 2583, 2586, 2592, 2593, 2594, 2595, 2596, 2600, 2603, 2604, 2284, 2286, 2289, 2293, 2295]}, "bidding_argmax": {"accs": {"causal": 0.0045336787564766836, "isolate": 0.9916512059369202, "disentangle": 0.49809244234669847}, "test_loss": 4.00535125776035,