{"causal": 0.8082901554404145, "isolate": 0.6651205936920223, "disentangle": 0.7367053745662184}