{"causal": 0.8264248704663213, "isolate": 0.6799628942486086, "disentangle": 0.7531938823574649}