{"column_argmax": {"accs": {"causal": 0.022020725388601035, "isolate": 0.9758812615955473, "disentangle": 0.49895099349207417}, "test_loss": 4.02113595168765, "correct_indices": [1, 2, 3, 4, 7, 8, 12, 15, 16, 17, 20, 21, 23, 24, 25, 30, 31, 32, 37, 40, 44, 47, 49, 52, 55, 56, 57, 58, 59, 64, 67, 68, 69, 70, 71, 72, 76, 79, 81, 82, 83, 87, 89, 93, 94, 95, 96, 98, 99, 100, 103, 104, 105, 107, 109, 110, 115, 116, 118, 119, 121, 122, 123, 126, 127, 129, 133, 136, 137, 139, 142, 143, 146, 147, 150, 151, 152, 154, 155, 156, 157, 159, 160, 169, 171, 172, 174, 175, 178, 179, 185, 187, 188, 191, 196, 197, 198, 199, 201, 205, 206, 208, 212, 217, 218, 220, 221, 224, 226, 237, 253, 256, 257, 259, 260, 262, 263, 265, 266, 273, 274, 275, 277, 278, 281, 282, 283, 285, 289, 292, 295, 296, 297, 301, 302, 303, 306, 308, 309, 314, 315, 316, 317, 319, 320, 323, 324, 326, 327, 329, 335, 336, 339, 347, 348, 351, 357, 359, 361, 362, 364, 367, 369, 372, 373, 374, 380, 382, 384, 391, 392, 393, 401, 403, 404, 405, 408, 409, 414, 417, 419, 425, 426, 429, 433, 437, 439, 443, 447, 450, 451, 452, 453, 455, 456, 458, 459, 466, 467, 468, 470, 472, 476, 477, 478, 480, 487, 491, 493, 502, 510, 512, 513, 514, 516, 517, 518, 520, 521, 525, 526, 527, 528, 531, 532, 537, 541, 542, 549, 550, 552, 553, 556, 562, 565, 568, 569, 574, 581, 583, 589, 591, 592, 593, 596, 600, 602, 605, 606, 608, 611, 614, 618, 619, 620, 622, 624, 625, 626, 627, 629, 630, 635, 637, 639, 643, 644, 645, 648, 649, 651, 657, 659, 661, 662, 663, 664, 665, 668, 670, 673, 675, 677, 679, 682, 683, 686, 687, 688, 690, 691, 697, 698, 701, 703, 705, 707, 708, 710, 713, 717, 718, 730, 731, 732, 733, 740, 744, 745, 746, 747, 750, 753, 754, 755, 756, 757, 760, 765, 772, 773, 775, 776, 782, 783, 784, 786, 789, 790, 794, 795, 796, 797, 798, 799, 800, 802, 808, 809, 810, 812, 813, 814, 816, 823, 824, 825, 826, 827, 828, 830, 834, 835, 839, 840, 841, 844, 845, 846, 851, 854, 856, 857, 858, 859, 860, 862, 863, 864, 867, 871, 872, 876, 877, 878, 881, 885, 888, 890, 891, 894, 895, 896, 898, 900, 903, 904, 905, 908, 912, 913, 915, 916, 920, 921, 923, 924, 925, 927, 930, 931, 933, 941, 944, 951, 952, 955, 956, 957, 958, 959, 960, 961, 965, 966, 967, 971, 973, 983, 986, 993, 994, 995, 1002, 1003, 1007, 1009, 1010, 1011, 1015, 1019, 1021, 1023, 1025, 1028, 1029, 1032, 1034, 1035, 1036, 1037, 1038, 1046, 1047, 1048, 1049, 1051, 1052, 1053, 1055, 1059, 1060, 1062, 1063, 1065, 1066, 1069, 1070, 1076, 1077, 1079, 1084, 1086, 1088, 1089, 1091, 1093, 1095, 1096, 1098, 1099, 1100, 1101, 1105, 1106, 1107, 1111, 1113, 1114, 1115, 1116, 1117, 1119, 1121, 1122, 1134, 1138, 1139, 1140, 1141, 1144, 1146, 1147, 1148, 1152, 1154, 1158, 1159, 1160, 1161, 1162, 1163, 1167, 1170, 1173, 1175, 1176, 1180, 1181, 1184, 1192, 1195, 1198, 1200, 1205, 1206, 1208, 1209, 1210, 1211, 1212, 1213, 1221, 1222, 1224, 1226, 1227, 1230, 1232, 1233, 1234, 1235, 1239, 1247, 1250, 1253, 1257, 1260, 1261, 1264, 1266, 1267, 1268, 1269, 1270, 1272, 1279, 1280, 1286, 1287, 1289, 1291, 1292, 1293, 1295, 1296, 1299, 1303, 1306, 1308, 1310, 1313, 1316, 1317, 1319, 1320, 1321, 1322, 1326, 1330, 1332, 1335, 1336, 1337, 1338, 1339, 1341, 1343, 1348, 1349, 1352, 1353, 1354, 1357, 1360, 1361, 1364, 1367, 1378, 1379, 1382, 1384, 1386, 1387, 1393, 1395, 1399, 1403, 1409, 1412, 1413, 1414, 1420, 1422, 1423, 1425, 1426, 1427, 1428, 1430, 1433, 1434, 1435, 1438, 1442, 1443, 1446, 1447, 1452, 1457, 1460, 1461, 1463, 1466, 1467, 1468, 1478, 1483, 1485, 1486, 1487, 1488, 1492, 1493, 1495, 1497, 1501, 1504, 1505, 1508, 1509, 1510, 1514, 1515, 1518, 1523, 1524, 1526, 1529, 1530, 1533, 1538, 1541, 1544, 1545, 1550, 1552, 1559, 1561, 1565, 1566, 1571, 1573, 1574, 1575, 1576, 1577, 1580, 1583, 1585, 1587, 1588, 1589, 1591, 1592, 1593, 1596, 1598, 1603, 1604, 1606, 1608, 1609, 1613, 1623, 1627, 1629, 1631, 1632, 1633, 1635, 1637, 1638, 1639, 1640, 1642, 1645, 1649, 1651, 1652, 1653, 1655, 1659, 1660, 1664, 1668, 1669, 1671, 1676, 1679, 1682, 1688, 1689, 1691, 1694, 1700, 1704, 1707, 1708, 1709, 1710, 1715, 1716, 1717, 1718, 1719, 1721, 1726, 1730, 1731, 1736, 1738, 1740, 1741, 1742, 1743, 1746, 1749, 1751, 1761, 1763, 1766, 1770, 1771, 1777, 1778, 1780, 1781, 1784, 1785, 1786, 1791, 1797, 1798, 1799, 1800, 1807, 1813, 1822, 1824, 1826, 1829, 1835, 1836, 1837, 1839, 1845, 1850, 1852, 1854, 1856, 1860, 1866, 1872, 1875, 1877, 1880, 1882, 1883, 1885, 1888, 1889, 1891, 1892, 1895, 1897, 1901, 1902, 1904, 1909, 1910, 1912, 1913, 1915, 1919, 1920, 1921, 1922, 1926, 1928, 1930, 1932, 1937, 1939, 1941, 1944, 1953, 1955, 1956, 1957, 1965, 1968, 1969, 1970, 1974, 1975, 1979, 1980, 1988, 1994, 1996, 1999, 2000, 2001, 2004, 2007, 2012, 2015, 2018, 2021, 2022, 2026, 2027, 2029, 2036, 2037, 2041, 2042, 2043, 2047, 2048, 2052, 2053, 2055, 2060, 2061, 2062, 2063, 2064, 2066, 2067, 2068, 2069, 2075, 2076, 2077, 2079, 2081, 2082, 2087, 2088, 2089, 2090, 2091, 2094, 2095, 2097, 2098, 2102, 2103, 2105, 2106, 2109, 2113, 2117, 2119, 2124, 2126, 2127, 2131, 2132, 2134, 2139, 2146, 2148, 2149, 2150, 2151, 2153, 2156, 2158, 2159, 2160, 2161, 2162, 2165, 2166, 2170, 2171, 2172, 2174, 2176, 2177, 2179, 2185, 2186, 2189, 2190, 2195, 2196, 2197, 2198, 2199, 2200, 2201, 2204, 2205, 2207, 2209, 2213, 2217, 2220, 2233, 2234, 2236, 2238, 2241, 2242, 2247, 2249, 2252, 2253, 2257, 2259, 2260, 2263, 2264, 2265, 2266, 2268, 2269, 2270, 2272, 2280, 2282, 2284, 2285, 2286, 2290, 2294, 2299, 2301, 2302, 2306, 2309, 2312, 2315, 2316, 2317, 2318, 2320, 2321, 2323, 2328, 2330, 2332, 2337, 2339, 2340, 2344, 2345, 2347, 2348, 2349, 2354, 2355, 2356, 2357, 2359, 2361, 2363, 2365, 2370, 2373, 2376, 2380, 2381, 2382, 2383, 2384, 2385, 2387, 2389, 2390, 2393, 2397, 2398, 2404, 2414, 2417, 2420, 2421, 2424, 2426, 2429, 2431, 2434, 2435, 2436, 2438, 2440, 2441, 2442, 2443, 2444, 2449, 2453, 2457, 2466, 2467, 2470, 2472, 2481, 2487, 2488, 2491, 2496, 2497, 2498, 2501, 2505, 2506, 2509, 2510, 2511, 2515, 2517, 2519, 2522, 2525, 2527, 2529, 2530, 2532, 2535, 2536, 2539, 2541, 2542, 2543, 2544, 2545, 2546, 2547, 2549, 2550, 2555, 2557, 2560, 2563, 2566, 2567, 2572, 2574, 2576, 2578, 2580, 2582, 2587, 2591, 2592, 2595, 2597, 2599, 2600, 2603, 2604, 2605, 2606, 2607, 2283, 2287, 2290, 2291, 2293, 2295]}, "bidding_argmax": {"accs": {"causal": 0.023316062176165803, "isolate": 0.9768089053803339, "disentangle": 0.5000624837782499}, "test_loss": 4.029583219347931,