{"causal": 0.3290155440414508, "isolate": 0.9517625231910947, "disentangle": 0.6403890336162728}