{"causal": 0.007124352331606218, "isolate": 0.9897959183673469, "disentangle": 0.4984601353494766}