{"causal": 0.4993523316062176, "isolate": 0.9749536178107606, "disentangle": 0.7371529747084891}