{"causal": 0.011010362694300517, "isolate": 0.9526901669758813, "disentangle": 0.4818502648350909}