{"causal": 0.38406735751295334, "isolate": 0.9656771799628943, "disentangle": 0.6748722687379238}