{"causal": 0.8484455958549223, "isolate": 0.6558441558441559, "disentangle": 0.752144875849539}