{"causal": 0.7642487046632125, "isolate": 0.6178107606679035, "disentangle": 0.691029732665558}