{"causal": 0.8044041450777202, "isolate": 0.6419294990723562, "disentangle": 0.7231668220750382}