{"causal": 0.8691709844559585, "isolate": 0.6094619666048238, "disentangle": 0.7393164755303911}