{"causal": 0.3, "isolate": 0.5700000000000001, "disentangle": 0.43500000000000005}