{"causal": 0.816967792615868, "isolate": 0.963963963963964, "disentangle": 0.890465878289916}