{"causal": 0.2210242587601078, "isolate": 0.917741935483871, "disentangle": 0.5693830971219894}