{"causal": 0.799520766773163, "isolate": 0.7676419965576592, "disentangle": 0.7835813816654111}