{"causal": 0.625, "isolate": 0.7913117546848382, "disentangle": 0.708155877342419}