{"causal": 0.8498190591073582, "isolate": 0.8490749756572541, "disentangle": 0.8494470173823061}