{"causal": 0.8539823008849557, "isolate": 0.9547141796585004, "disentangle": 0.904348240271728}