{"causal": 0.8474295190713101, "isolate": 0.9924642049736248, "disentangle": 0.9199468620224674}