{"causal": 0.6652977412731006, "isolate": 0.8804920913884007, "disentangle": 0.7728949163307506}