{"causal": 0.7175324675324676, "isolate": 0.7806016597510373, "disentangle": 0.7490670636417525}