{"causal": 0.7686414708886619, "isolate": 0.8113612004287245, "disentangle": 0.7900013356586932}