{"causal": 0.1480484522207268, "isolate": 0.7949959644874899, "disentangle": 0.47152220835410835}