{"column_argmax": {"accs": {"causal": 0.06353591160220995, "isolate": 0.9812206572769953, "disentangle": 0.5223782844396025}, "test_loss": 3.761879371272193, "correct_indices": [2, 3, 12, 15, 17, 19, 22, 24, 25, 26, 29, 31, 34, 35, 37, 40, 42, 43, 44, 48, 52, 58, 60, 73, 77, 80, 85, 86, 94, 95, 96, 97, 98, 101, 102, 106, 107, 108, 109, 112, 114, 117, 123, 124, 133, 136, 137, 138, 145, 146, 148, 149, 150, 156, 157, 161, 165, 167, 172, 175, 181, 183, 185, 187, 193, 195, 196, 197, 198, 199, 200, 203, 204, 206, 207, 208, 210, 212, 213, 214, 216, 222, 227, 228, 231, 233, 234, 235, 237, 241, 244, 245, 250, 254, 255, 256, 258, 259, 262, 264, 265, 267, 271, 272, 274, 276, 278, 279, 288, 291, 293, 294, 295, 298, 299, 300, 302, 307, 308, 312, 314, 317, 319, 325, 328, 330, 335, 336, 341, 342, 344, 346, 347, 353, 356, 360, 362, 363, 368, 369, 370, 372, 375, 376, 377, 378, 379, 387, 393, 399, 402, 403, 404, 405, 406, 407, 408, 409, 410, 412, 414, 416, 417, 422, 425, 428, 429, 432, 434, 436, 437, 439, 440, 441, 442, 445, 446, 448, 451, 455, 457, 462, 463, 468, 469, 470, 472, 473, 474, 476, 478, 480, 483, 484, 486, 489, 492, 493, 496, 497, 504, 505, 510, 511, 512, 513, 514, 516, 517, 520, 522, 525, 531, 532, 536, 538, 540, 541, 545, 553, 555, 556, 557, 558, 563, 565, 566, 568, 571, 572, 575, 576, 579, 581, 582, 584, 587, 588, 589, 591, 594, 597, 598, 604, 608, 609, 611, 613, 614, 616, 617, 619, 623, 625, 627, 628, 629, 630, 633, 635, 639, 644, 649, 650, 651, 655, 656, 657, 659, 662, 663, 664, 665, 666, 672, 676, 681, 685, 689, 691, 692, 694, 699, 701, 703, 705, 707, 708, 710, 719, 726, 727, 729, 730, 731, 732, 733, 734, 740, 743, 745, 746, 748, 749, 750, 753, 758, 759, 760, 761, 763, 764, 766, 769, 770, 771, 772, 773, 774, 775, 776, 777, 778, 779, 780, 781, 783, 790, 791, 792, 794, 795, 796, 797, 799, 802, 804, 808, 810, 814, 816, 817, 818, 821, 822, 827, 830, 832, 835, 836, 839, 840, 841, 842, 844, 845, 849, 853, 854, 856, 857, 863, 868, 869, 873, 875, 878, 879, 883, 884, 886, 887, 892, 894, 895, 904, 905, 907, 910, 912, 914, 916, 923, 925, 927, 928, 930, 937, 939, 940, 942, 943, 945, 946, 950, 951, 952, 960, 961, 969, 971, 972, 975, 976, 977, 981, 984, 989, 990, 993, 997, 1000, 1008, 1014, 1016, 1017, 1019, 1023, 1024, 1027, 1029, 1033, 1035, 1036, 1039, 1044, 1053, 1056, 1057, 1060, 1062, 1076, 1078, 1083, 1084, 1085, 1086, 1087, 1091, 1093, 1094, 1095, 1096, 1099, 1101, 1107, 1109, 1112, 1114, 1119, 1121, 1124, 1126, 1127, 1129, 1130, 1131, 1132, 1134, 997, 999, 1001, 1002, 1005]}, "bidding_argmax": {"accs": {"causal": 0.05939226519337017, "isolate": 0.9929577464788732, "disentangle": 0.5261750058361218}, "test_loss": 3.7691197064187794, "correct_indices": [0, 1, 3, 4, 8, 9, 11, 12, 14, 15, 16, 18, 23, 24, 26, 28, 37, 38, 39, 41, 49, 50, 55, 56, 61, 65, 66, 70, 73, 78, 81, 83, 84, 85, 86, 87, 90, 91, 97, 99, 101, 103, 105, 107, 108, 110, 113, 114, 116, 117, 119, 120, 121, 122, 125, 128, 129, 133, 135, 136, 139, 140, 142, 143, 145, 148, 150, 151, 152, 154, 157, 158, 160, 163, 164, 165, 167, 171, 173, 175, 178, 179, 180, 182, 183, 186, 188, 190, 193, 195, 196, 197, 198, 199, 200, 202, 206, 208, 214, 216, 217, 220, 224, 230, 231, 239, 241, 243, 244, 246, 249, 255, 257, 258, 259, 263, 268, 269, 273, 276, 280, 284, 285, 290, 293, 298, 300, 301, 302, 303, 304, 307, 310, 311, 315, 317, 318, 319, 320, 324, 327, 331, 333, 335, 341, 354, 355, 357, 358, 364, 365, 366, 368, 372, 374, 382, 387, 389, 392, 394, 398, 403, 404, 406, 408, 410, 421, 422, 427, 431, 432, 434, 436, 437, 438, 439, 440, 443, 445, 446, 447, 448, 451, 452, 453, 454, 459, 460, 461, 464, 466, 467, 468, 477, 478, 480, 486, 488, 490, 491, 492, 495, 497, 500, 501, 503, 509, 512, 514, 515, 520, 521, 522, 524, 526, 528, 532, 534, 536, 537, 542, 543, 546, 548, 550, 552, 553, 554, 557, 558, 560, 564, 565, 566, 568, 570, 573, 575, 576, 578, 579, 581, 583, 585, 589, 594, 595, 600, 603, 607, 609, 611, 621, 623, 629, 630, 631, 633, 636, 638, 639, 641, 644, 647, 650, 651, 658, 663, 672, 677, 678, 679, 682, 683, 684, 685, 687, 693, 698, 700, 701, 702, 703, 704, 705, 707, 712, 716, 717, 718, 723, 724, 725, 729, 736, 738, 740, 741, 742, 744, 750, 752, 753, 757, 758, 763, 765, 770, 775, 778, 780, 781, 782, 784, 785, 789, 792, 798, 800, 801, 803, 804, 806, 813, 814, 816, 819, 820, 822, 829, 830, 831, 832, 833, 834, 836, 838, 839, 840, 843, 846, 847, 848, 850, 851, 854, 856, 859, 860, 863, 865, 872, 874, 876, 877, 878, 880, 881, 885, 886, 887, 890, 891, 892, 894, 900, 902, 903, 904, 907, 909, 911, 918, 921, 923, 925, 927, 928, 936, 938, 941, 942, 943, 945, 948, 952, 957, 964, 965, 967, 968, 973, 975, 977, 980, 983, 984, 987, 988, 989, 992, 993, 994, 995, 996, 997, 999, 1000, 1004, 1006, 1007, 1009, 1013, 1015, 1016, 1017, 1020, 1024, 1034, 1035, 1037, 1038, 1041, 1043, 1044, 1047, 1048, 1050, 1054, 1056, 1058, 1059, 1063, 1064, 1065, 1070, 1072, 1076, 1078, 1080, 1081, 1084, 1087, 1090, 1091, 1092, 1093, 1098, 1102, 1107, 1118, 1121, 1124, 1125, 1131, 1132, 1135, 994, 995, 996, 999, 1000, 1002, 1004, 1006, 1007]}, "default": {"accs": {"causal": 0.9696132596685083, "isolate": 0.9342723004694836, "disentangle": 0.9519427800689959}, "test_loss": 0.32079629654046155,