{"causal": 0.8801054018445322, "isolate": 0.9795081967213115, "disentangle": 0.9298067992829219}