{"causal": 0.1559873949579832, "isolate": 0.8930921052631579, "disentangle": 0.5245397501105705}