{"causal": 0.8958333333333334, "isolate": 0.9882075471698113, "disentangle": 0.9420204402515724}