{"causal": 0.8537549407114624, "isolate": 0.9791477787851315, "disentangle": 0.916451359748297}