{"causal": 0.6339779005524862, "isolate": 0.8450704225352113, "disentangle": 0.7395241615438487}