{"causal": 0.8189987163029525, "isolate": 0.931782945736434, "disentangle": 0.8753908310196933}