{"causal": 0.14666666666666667, "isolate": 0.8070739549839229, "disentangle": 0.47687031082529474}