{"causal": 0.07717391304347826, "isolate": 0.9066666666666666, "disentangle": 0.4919202898550724}