{"column_argmax": {"accs": {"causal": 0.039014373716632446, "isolate": 0.9947275922671354, "disentangle": 0.5168709829918839}, "test_loss": 2.9238804163354817, "correct_indices": [0, 5, 6, 9, 10, 11, 12, 13, 14, 15, 16, 17, 18, 19, 20, 22, 25, 26, 27, 29, 30, 31, 32, 33, 34, 36, 38, 45, 47, 48, 50, 52, 53, 55, 56, 59, 60, 61, 62, 63, 64, 65, 69, 70, 71, 72, 74, 75, 76, 79, 81, 82, 83, 86, 87, 88, 89, 91, 92, 93, 97, 98, 100, 102, 104, 105, 108, 112, 113, 114, 115, 117, 118, 119, 122, 123, 124, 125, 126, 131, 132, 136, 139, 142, 143, 145, 146, 147, 148, 149, 150, 151, 154, 155, 158, 159, 162, 164, 165, 166, 167, 171, 173, 175, 176, 177, 178, 179, 180, 183, 186, 187, 191, 193, 194, 196, 198, 199, 202, 203, 206, 208, 211, 212, 213, 214, 215, 216, 217, 219, 221, 222, 223, 225, 227, 228, 229, 231, 232, 233, 234, 235, 238, 239, 241, 242, 245, 246, 249, 250, 251, 253, 255, 256, 257, 258, 259, 262, 265, 266, 268, 272, 273, 274, 277, 278, 279, 281, 284, 286, 287, 289, 290, 291, 294, 295, 296, 297, 300, 301, 302, 304, 306, 307, 308, 311, 313, 316, 318, 319, 321, 322, 323, 324, 325, 327, 328, 329, 330, 331, 332, 333, 335, 338, 339, 340, 342, 344, 347, 349, 350, 351, 353, 354, 356, 357, 361, 362, 365, 366, 367, 369, 370, 372, 373, 374, 375, 376, 380, 384, 387, 389, 390, 391, 395, 396, 397, 398, 399, 403, 407, 411, 414, 415, 417, 421, 423, 424, 425, 427, 428, 433, 435, 436, 439, 440, 441, 443, 445, 446, 447, 449, 450, 451, 452, 453, 456, 458, 459, 461, 463, 464, 465, 466, 467, 468, 470, 472, 473, 475, 480, 481, 482, 483, 486, 487, 488, 490, 491, 492, 494, 496, 498, 499, 503, 505, 507, 508, 509, 511, 512, 513, 517, 520, 521, 522, 523, 526, 527, 529, 530, 533, 534, 535, 537, 538, 540, 541, 543, 546, 547, 549, 550, 552, 553, 554, 555, 557, 558, 560, 564, 566, 567, 568, 569, 571, 573, 575, 578, 581, 582, 585, 588, 592, 593, 594, 597, 599, 600, 601, 605, 607, 608, 610, 611, 612, 614, 615, 618, 621, 623, 624, 628, 631, 633, 634, 635, 637, 639, 640, 642, 643, 644, 646, 649, 651, 652, 655, 657, 658, 659, 661, 663, 665, 667, 674, 678, 680, 681, 684, 685, 687, 688, 691, 692, 693, 694, 697, 700, 701, 702, 703, 704, 705, 711, 714, 715, 716, 717, 718, 719, 720, 722, 724, 725, 727, 728, 731, 732, 733, 734, 735, 737, 741, 745, 746, 747, 749, 754, 755, 757, 758, 762, 764, 765, 767, 768, 771, 772, 774, 775, 778, 780, 782, 783, 786, 788, 789, 790, 791, 793, 797, 798, 799, 800, 801, 803, 805, 808, 809, 810, 811, 814, 816, 819, 820, 821, 828, 829, 830, 833, 834, 836, 838, 839, 841, 845, 850, 852, 856, 863, 865, 866, 867, 870, 872, 876, 877, 881, 882, 884, 885, 886, 887, 889, 890, 894, 895, 896, 898, 899, 903, 905, 907, 910, 913, 914, 915, 916, 917, 922, 923, 925, 926, 927, 929, 930, 932, 933, 934, 935, 936, 939, 942, 944, 947, 948, 950, 952, 954, 955, 956, 957, 958, 959, 960, 963, 964, 966, 967, 971, 973, 974, 975, 976, 977, 979, 986, 988, 990, 991, 993, 996, 1001, 1002, 1003, 1006, 1007, 1008, 1009, 1010, 1011, 1012, 1013, 1016, 1017, 1018, 1021, 1022, 1029, 1030, 1032, 1033, 1034, 1036, 1037, 1039, 1040, 1041, 1044, 1045, 1046, 1049, 1053, 1055]}, "bidding_argmax": {"accs": {"causal": 0.039014373716632446, "isolate": 0.9964850615114236, "disentangle": 0.517749717614028}, "test_loss": 2.9132995677716806, "correct_indices": [1, 2, 5, 7, 8, 10, 11, 12, 15, 17, 18, 19, 20, 22, 24, 25, 26, 27, 29, 31, 32, 36, 37, 40, 41, 42, 44, 45, 46, 49, 50, 55, 57, 58, 59, 60, 64, 66, 67, 68, 70, 71, 73, 74, 76, 77, 78, 82, 83, 84, 85, 86, 87, 88, 93, 94, 97, 98, 99, 101, 102, 103, 104, 105, 106, 113, 118, 120, 122, 124, 125, 126, 127, 129, 130, 131, 133, 137, 138, 139, 140, 145, 146, 147, 148, 150, 153, 154, 156, 161, 162, 163, 164, 169, 171, 176, 177, 178, 179, 182, 185, 187, 188, 189, 190, 191, 192, 200, 201, 202, 204, 206, 207, 208, 215, 216, 217, 218, 219, 220, 221, 223, 224, 226, 227, 228, 230, 232, 233, 236, 237, 238, 239, 241, 242, 243, 244, 245, 248, 249, 251, 254, 255, 256, 258, 259, 260, 261, 262, 264, 267, 270, 271, 272, 274, 276, 278, 281, 282, 284, 285, 288, 289, 290, 293, 295, 300, 303, 306, 308, 309, 310, 312, 314, 315, 319, 320, 321, 322, 324, 325, 326, 327, 328, 329, 330, 331, 334, 335, 336, 338, 341, 342, 343, 345, 346, 349, 351, 353, 354, 355, 356, 357, 359, 360, 361, 362, 363, 368, 370, 373, 375, 377, 379, 380, 382, 383, 384, 385, 386, 387, 388, 390, 393, 394, 396, 397, 398, 399, 400, 403, 405, 406, 409, 411, 412, 413, 414, 415, 416, 419, 421, 422, 423, 425, 427, 431, 432, 433, 434, 435, 437, 438, 439, 440, 441, 442, 443, 444, 445, 446, 450, 453, 455, 456, 458, 459, 460, 462, 463, 465, 466, 467, 470, 471, 474, 477, 480, 484, 485, 487, 489, 490, 492, 493, 494, 495, 496, 497, 503, 508, 509, 510, 511, 513, 515, 516, 518, 520, 521, 522, 523, 524, 525, 526, 530, 533, 535, 536, 538, 540, 541, 545, 546, 547, 548, 550, 551, 552, 553, 554, 556, 558, 559, 561, 564, 567, 571, 572, 574, 575, 576, 579, 580, 581, 584, 585, 587, 590, 594, 596, 597, 598, 600, 601, 607, 608, 610, 611, 613, 615, 616, 617, 622, 624, 626, 627, 628, 630, 632, 633, 634, 635, 636, 637, 638, 641, 642, 644, 647, 649, 650, 651, 652, 654, 656, 657, 659, 660, 661, 663, 664, 665, 666, 668, 669, 670, 671, 675, 679, 682, 683, 686, 688, 690, 694, 696, 697, 699, 700, 701, 703, 708, 709, 710, 711, 713, 715, 717, 718, 723, 726, 727, 728, 729, 733, 734, 735, 737, 738, 741, 742, 743, 745, 747, 749, 752, 753, 754, 756, 758, 759, 760, 766, 768, 769, 770, 771, 772, 773, 776, 777, 778, 780, 781, 783, 784, 785, 788, 793, 794, 795, 796, 797, 800, 802, 803, 808, 811, 812, 813, 815, 816, 817, 818, 819, 820, 821, 823, 827, 828, 831, 834, 835, 836, 837, 838, 842, 847, 849, 853, 854, 855, 857, 858, 862, 863, 866, 867, 868, 869, 870, 871, 872, 873, 874, 876, 878, 882, 883, 885, 886, 887, 889, 897, 898, 901, 902, 905, 909, 911, 912, 913, 915, 917, 920, 921, 926, 928, 930, 931, 932, 933, 934, 935, 937, 938, 943, 946, 947, 948, 949, 951, 952, 953, 955, 958, 959, 961, 965, 967, 968, 969, 970, 972, 974, 975, 977, 978, 981, 986, 987, 990, 991, 992, 993, 995, 997, 998, 999, 1004, 1009, 1012, 1013, 1017, 1018, 1019, 1020, 1021, 1022, 1024, 1025, 1027, 1032, 1033, 1036, 1038, 1040, 1041, 1042, 1046, 1047, 1049, 1052, 1053, 1055]}, "default": {"accs": {"causal": 0.9650924024640657, "isolate": 0.9490333919156415, "disentangle": 0.9570628971898536}, "test_loss": 0.2619991381978538,